{
    "loss": 8.41104507446289,
    "accuracy": 0.5373134613037109
}