{
    "loss": 0.217904731631279,
    "accuracy": 0.8823529481887817
}