{
    "loss": 32.96566390991211,
    "accuracy": 0.611940324306488
}