{
    "loss": 13.204513549804688,
    "accuracy": 0.5735294222831726
}